<?xml version="1.0" encoding="UTF-8" standalone="no"?>
<Routes>
   <Route>
        <FlightNumber>1168</FlightNumber>
        <DayOfWeek>Sat</DayOfWeek>
        <DepartureTime>05:10</DepartureTime>
        <DepartureAirport>Manchester</DepartureAirport>
        <DepartureAirportCode>MAN</DepartureAirportCode>
        <ArrivalTime>08:10</ArrivalTime>
        <ArrivalAirport>Faro</ArrivalAirport>
        <ArrivalAirportCode>FAO</ArrivalAirportCode>
        <Duration>PT3H</Duration>
    </Route>
    <Route>
        <FlightNumber>1168</FlightNumber>
        <DayOfWeek>Tue</DayOfWeek>
        <DepartureTime>06:30</DepartureTime>
        <DepartureAirport>Manchester</DepartureAirport>
        <DepartureAirportCode>MAN</DepartureAirportCode>
        <ArrivalTime>09:15</ArrivalTime>
        <ArrivalAirport>Faro</ArrivalAirport>
        <ArrivalAirportCode>FAO</ArrivalAirportCode>
        <Duration>PT2H45M</Duration>
    </Route>
    <Route>
        <FlightNumber>1169</FlightNumber>
        <DayOfWeek>Sat</DayOfWeek>
        <DepartureTime>09:10</DepartureTime>
        <DepartureAirport>Faro</DepartureAirport>
        <DepartureAirportCode>FAO</DepartureAirportCode>
        <ArrivalTime>12:15</ArrivalTime>
        <ArrivalAirport>Manchester</ArrivalAirport>
        <ArrivalAirportCode>MAN</ArrivalAirportCode>
        <Duration>PT3H5M</Duration>
    </Route>
    <Route>
        <FlightNumber>1169</FlightNumber>
        <DayOfWeek>Tue</DayOfWeek>
        <DepartureTime>10:15</DepartureTime>
        <DepartureAirport>Faro</DepartureAirport>
        <DepartureAirportCode>FAO</DepartureAirportCode>
        <ArrivalTime>13:30</ArrivalTime>
        <ArrivalAirport>Manchester</ArrivalAirport>
        <ArrivalAirportCode>MAN</ArrivalAirportCode>
        <Duration>PT3H15M</Duration>
    </Route>
    <Route>
        <FlightNumber>586</FlightNumber>
        <DayOfWeek>Sun</DayOfWeek>
        <DepartureTime>06:00</DepartureTime>
        <DepartureAirport>Manchester</DepartureAirport>
        <DepartureAirportCode>MAN</DepartureAirportCode>
        <ArrivalTime>12:10</ArrivalTime>
        <ArrivalAirport>Bodrum</ArrivalAirport>
        <ArrivalAirportCode>BJV</ArrivalAirportCode>
        <Duration>PT4H10M</Duration>
    </Route>
    <Route>
        <FlightNumber>896</FlightNumber>
        <DayOfWeek>Fri</DayOfWeek>
        <DepartureTime>17:45</DepartureTime>
        <DepartureAirport>Manchester</DepartureAirport>
        <DepartureAirportCode>MAN</DepartureAirportCode>
        <ArrivalTime>23:55</ArrivalTime>
        <ArrivalAirport>Bodrum</ArrivalAirport>
        <ArrivalAirportCode>BJV</ArrivalAirportCode>
        <Duration>PT4H10M</Duration>
    </Route>
    <Route>
        <FlightNumber>587</FlightNumber>
        <DayOfWeek>Sun</DayOfWeek>
        <DepartureTime>13:25</DepartureTime>
        <DepartureAirport>Bodrum</DepartureAirport>
        <DepartureAirportCode>BJV</DepartureAirportCode>
        <ArrivalTime>15:45</ArrivalTime>
        <ArrivalAirport>Manchester</ArrivalAirport>
        <ArrivalAirportCode>MAN</ArrivalAirportCode>
        <Duration>PT4H20M</Duration>
    </Route>
    <Route>
        <FlightNumber>897</FlightNumber>
        <DayOfWeek>Sat</DayOfWeek>
        <DepartureTime>00:55</DepartureTime>
        <DepartureAirport>Bodrum</DepartureAirport>
        <DepartureAirportCode>BJV</DepartureAirportCode>
        <ArrivalTime>03:15</ArrivalTime>
        <ArrivalAirport>Manchester</ArrivalAirport>
        <ArrivalAirportCode>MAN</ArrivalAirportCode>
        <Duration>PT4H20M</Duration>
    </Route>
	    <Route>
        <FlightNumber>126</FlightNumber>
        <DayOfWeek>Tue</DayOfWeek>
        <DepartureTime>15:10</DepartureTime>
        <DepartureAirport>Manchester</DepartureAirport>
        <DepartureAirportCode>MAN</DepartureAirportCode>
        <ArrivalTime>21:35</ArrivalTime>
        <ArrivalAirport>Antalya</ArrivalAirport>
        <ArrivalAirportCode>AYT</ArrivalAirportCode>
        <Duration>PT4H25M</Duration>
    </Route>
    <Route>
        <FlightNumber>128</FlightNumber>
        <DayOfWeek>Fri</DayOfWeek>
        <DepartureTime>07:10</DepartureTime>
        <DepartureAirport>Manchester</DepartureAirport>
        <DepartureAirportCode>MAN</DepartureAirportCode>
        <ArrivalTime>13:35</ArrivalTime>
        <ArrivalAirport>Antalya</ArrivalAirport>
        <ArrivalAirportCode>AYT</ArrivalAirportCode>
        <Duration>PT4H25M</Duration>
    </Route>
    <Route>
        <FlightNumber>128</FlightNumber>
        <DayOfWeek>Wed</DayOfWeek>
        <DepartureTime>16:05</DepartureTime>
        <DepartureAirport>Manchester</DepartureAirport>
        <DepartureAirportCode>MAN</DepartureAirportCode>
        <ArrivalTime>22:30</ArrivalTime>
        <ArrivalAirport>Antalya</ArrivalAirport>
        <ArrivalAirportCode>AYT</ArrivalAirportCode>
        <Duration>PT4H25M</Duration>
    </Route>
    <Route>
        <FlightNumber>130</FlightNumber>
        <DayOfWeek>Sun</DayOfWeek>
        <DepartureTime>17:00</DepartureTime>
        <DepartureAirport>Manchester</DepartureAirport>
        <DepartureAirportCode>MAN</DepartureAirportCode>
        <ArrivalTime>23:25</ArrivalTime>
        <ArrivalAirport>Antalya</ArrivalAirport>
        <ArrivalAirportCode>AYT</ArrivalAirportCode>
        <Duration>PT4H25M</Duration>
    </Route>
    <Route>
        <FlightNumber>248</FlightNumber>
        <DayOfWeek>Sun</DayOfWeek>
        <DepartureTime>06:00</DepartureTime>
        <DepartureAirport>Manchester</DepartureAirport>
        <DepartureAirportCode>MAN</DepartureAirportCode>
        <ArrivalTime>12:25</ArrivalTime>
        <ArrivalAirport>Antalya</ArrivalAirport>
        <ArrivalAirportCode>AYT</ArrivalAirportCode>
        <Duration>PT4H25M</Duration>
    </Route>
    <Route>
        <FlightNumber>308</FlightNumber>
        <DayOfWeek>Thu</DayOfWeek>
        <DepartureTime>17:30</DepartureTime>
        <DepartureAirport>Manchester</DepartureAirport>
        <DepartureAirportCode>MAN</DepartureAirportCode>
        <ArrivalTime>23:55</ArrivalTime>
        <ArrivalAirport>Antalya</ArrivalAirport>
        <ArrivalAirportCode>AYT</ArrivalAirportCode>
        <Duration>PT4H25M</Duration>
    </Route>
    <Route>
        <FlightNumber>354</FlightNumber>
        <DayOfWeek>Thu</DayOfWeek>
        <DepartureTime>13:00</DepartureTime>
        <DepartureAirport>Manchester</DepartureAirport>
        <DepartureAirportCode>MAN</DepartureAirportCode>
        <ArrivalTime>19:25</ArrivalTime>
        <ArrivalAirport>Antalya</ArrivalAirport>
        <ArrivalAirportCode>AYT</ArrivalAirportCode>
        <Duration>PT4H25M</Duration>
    </Route>
    <Route>
        <FlightNumber>354</FlightNumber>
        <DayOfWeek>Sat</DayOfWeek>
        <DepartureTime>13:50</DepartureTime>
        <DepartureAirport>Manchester</DepartureAirport>
        <DepartureAirportCode>MAN</DepartureAirportCode>
        <ArrivalTime>20:15</ArrivalTime>
        <ArrivalAirport>Antalya</ArrivalAirport>
        <ArrivalAirportCode>AYT</ArrivalAirportCode>
        <Duration>PT4H25M</Duration>
    </Route>
    <Route>
        <FlightNumber>606</FlightNumber>
        <DayOfWeek>Wed</DayOfWeek>
        <DepartureTime>17:45</DepartureTime>
        <DepartureAirport>Manchester</DepartureAirport>
        <DepartureAirportCode>MAN</DepartureAirportCode>
        <ArrivalTime>00:10</ArrivalTime>
        <ArrivalAirport>Antalya</ArrivalAirport>
        <ArrivalAirportCode>AYT</ArrivalAirportCode>
        <Duration>PT4H25M</Duration>
    </Route>
    <Route>
        <FlightNumber>606</FlightNumber>
        <DayOfWeek>Mon</DayOfWeek>
        <DepartureTime>18:00</DepartureTime>
        <DepartureAirport>Manchester</DepartureAirport>
        <DepartureAirportCode>MAN</DepartureAirportCode>
        <ArrivalTime>00:25</ArrivalTime>
        <ArrivalAirport>Antalya</ArrivalAirport>
        <ArrivalAirportCode>AYT</ArrivalAirportCode>
        <Duration>PT4H25M</Duration>
    </Route>
    <Route>
        <FlightNumber>646</FlightNumber>
        <DayOfWeek>Sat</DayOfWeek>
        <DepartureTime>08:00</DepartureTime>
        <DepartureAirport>Manchester</DepartureAirport>
        <DepartureAirportCode>MAN</DepartureAirportCode>
        <ArrivalTime>14:25</ArrivalTime>
        <ArrivalAirport>Antalya</ArrivalAirport>
        <ArrivalAirportCode>AYT</ArrivalAirportCode>
        <Duration>PT4H25M</Duration>
    </Route>
    <Route>
        <FlightNumber>704</FlightNumber>
        <DayOfWeek>Mon</DayOfWeek>
        <DepartureTime>07:00</DepartureTime>
        <DepartureAirport>Manchester</DepartureAirport>
        <DepartureAirportCode>MAN</DepartureAirportCode>
        <ArrivalTime>13:25</ArrivalTime>
        <ArrivalAirport>Antalya</ArrivalAirport>
        <ArrivalAirportCode>AYT</ArrivalAirportCode>
        <Duration>PT4H25M</Duration>
    </Route>
    <Route>
        <FlightNumber>127</FlightNumber>
        <DayOfWeek>Tue</DayOfWeek>
        <DepartureTime>22:50</DepartureTime>
        <DepartureAirport>Antalya</DepartureAirport>
        <DepartureAirportCode>AYT</DepartureAirportCode>
        <ArrivalTime>01:40</ArrivalTime>
        <ArrivalAirport>Manchester</ArrivalAirport>
        <ArrivalAirportCode>MAN</ArrivalAirportCode>
        <Duration>PT4H50M</Duration>
    </Route>
    <Route>
        <FlightNumber>129</FlightNumber>
        <DayOfWeek>Fri</DayOfWeek>
        <DepartureTime>14:50</DepartureTime>
        <DepartureAirport>Antalya</DepartureAirport>
        <DepartureAirportCode>AYT</DepartureAirportCode>
        <ArrivalTime>17:40</ArrivalTime>
        <ArrivalAirport>Manchester</ArrivalAirport>
        <ArrivalAirportCode>MAN</ArrivalAirportCode>
        <Duration>PT4H50M</Duration>
    </Route>
    <Route>
        <FlightNumber>129</FlightNumber>
        <DayOfWeek>Wed</DayOfWeek>
        <DepartureTime>23:45</DepartureTime>
        <DepartureAirport>Antalya</DepartureAirport>
        <DepartureAirportCode>AYT</DepartureAirportCode>
        <ArrivalTime>02:35</ArrivalTime>
        <ArrivalAirport>Manchester</ArrivalAirport>
        <ArrivalAirportCode>MAN</ArrivalAirportCode>
        <Duration>PT4H50M</Duration>
    </Route>
    <Route>
        <FlightNumber>131</FlightNumber>
        <DayOfWeek>Mon</DayOfWeek>
        <DepartureTime>00:40</DepartureTime>
        <DepartureAirport>Antalya</DepartureAirport>
        <DepartureAirportCode>AYT</DepartureAirportCode>
        <ArrivalTime>03:30</ArrivalTime>
        <ArrivalAirport>Manchester</ArrivalAirport>
        <ArrivalAirportCode>MAN</ArrivalAirportCode>
        <Duration>PT4H50M</Duration>
    </Route>
    <Route>
        <FlightNumber>249</FlightNumber>
        <DayOfWeek>Sun</DayOfWeek>
        <DepartureTime>13:40</DepartureTime>
        <DepartureAirport>Antalya</DepartureAirport>
        <DepartureAirportCode>AYT</DepartureAirportCode>
        <ArrivalTime>16:25</ArrivalTime>
        <ArrivalAirport>Manchester</ArrivalAirport>
        <ArrivalAirportCode>MAN</ArrivalAirportCode>
        <Duration>PT4H45M</Duration>
    </Route>
    <Route>
        <FlightNumber>309</FlightNumber>
        <DayOfWeek>Fri</DayOfWeek>
        <DepartureTime>01:10</DepartureTime>
        <DepartureAirport>Antalya</DepartureAirport>
        <DepartureAirportCode>AYT</DepartureAirportCode>
        <ArrivalTime>04:00</ArrivalTime>
        <ArrivalAirport>Manchester</ArrivalAirport>
        <ArrivalAirportCode>MAN</ArrivalAirportCode>
        <Duration>PT4H50M</Duration>
    </Route>
    <Route>
        <FlightNumber>355</FlightNumber>
        <DayOfWeek>Thu</DayOfWeek>
        <DepartureTime>21:25</DepartureTime>
        <DepartureAirport>Antalya</DepartureAirport>
        <DepartureAirportCode>AYT</DepartureAirportCode>
        <ArrivalTime>00:15</ArrivalTime>
        <ArrivalAirport>Manchester</ArrivalAirport>
        <ArrivalAirportCode>MAN</ArrivalAirportCode>
        <Duration>PT4H50M</Duration>
    </Route>
    <Route>
        <FlightNumber>355</FlightNumber>
        <DayOfWeek>Sat</DayOfWeek>
        <DepartureTime>21:30</DepartureTime>
        <DepartureAirport>Antalya</DepartureAirport>
        <DepartureAirportCode>AYT</DepartureAirportCode>
        <ArrivalTime>00:20</ArrivalTime>
        <ArrivalAirport>Manchester</ArrivalAirport>
        <ArrivalAirportCode>MAN</ArrivalAirportCode>
        <Duration>PT4H50M</Duration>
    </Route>
    <Route>
        <FlightNumber>607</FlightNumber>
        <DayOfWeek>Tue</DayOfWeek>
        <DepartureTime>01:25</DepartureTime>
        <DepartureAirport>Antalya</DepartureAirport>
        <DepartureAirportCode>AYT</DepartureAirportCode>
        <ArrivalTime>04:15</ArrivalTime>
        <ArrivalAirport>Manchester</ArrivalAirport>
        <ArrivalAirportCode>MAN</ArrivalAirportCode>
        <Duration>PT4H50M</Duration>
    </Route>
    <Route>
        <FlightNumber>607</FlightNumber>
        <DayOfWeek>Thu</DayOfWeek>
        <DepartureTime>01:25</DepartureTime>
        <DepartureAirport>Antalya</DepartureAirport>
        <DepartureAirportCode>AYT</DepartureAirportCode>
        <ArrivalTime>04:15</ArrivalTime>
        <ArrivalAirport>Manchester</ArrivalAirport>
        <ArrivalAirportCode>MAN</ArrivalAirportCode>
        <Duration>PT4H50M</Duration>
    </Route>
    <Route>
        <FlightNumber>647</FlightNumber>
        <DayOfWeek>Sat</DayOfWeek>
        <DepartureTime>15:30</DepartureTime>
        <DepartureAirport>Antalya</DepartureAirport>
        <DepartureAirportCode>AYT</DepartureAirportCode>
        <ArrivalTime>18:20</ArrivalTime>
        <ArrivalAirport>Manchester</ArrivalAirport>
        <ArrivalAirportCode>MAN</ArrivalAirportCode>
        <Duration>PT4H50M</Duration>
    </Route>
    <Route>
        <FlightNumber>705</FlightNumber>
        <DayOfWeek>Mon</DayOfWeek>
        <DepartureTime>14:40</DepartureTime>
        <DepartureAirport>Antalya</DepartureAirport>
        <DepartureAirportCode>AYT</DepartureAirportCode>
        <ArrivalTime>17:30</ArrivalTime>
        <ArrivalAirport>Manchester</ArrivalAirport>
        <ArrivalAirportCode>MAN</ArrivalAirportCode>
        <Duration>PT4H50M</Duration>
    </Route>
</Routes>